"タカハシ クミコ",female,2002-08-09,BIM
"カノウ ヨウイチ",male,2000-03-10,BIM
"ナカツガワ マイ",female,2000-01-10,BIM
"タナベ シュウヘイ",male,1995-07-06,BIM
"ヨシダ ヨウスケ",male,1996-08-23,BIM
"フジモト ヨウコ",female,2000-07-24,BIM
"ササダ ナオト",male,1999-02-23,BIM
"ササダ ヒデキ",male,2001-11-02,BIM
"カノウ リョウスケ",male,1994-09-14,BIM
"キジマ マイ",female,2001-02-20,BIM
"ヨシモト アキラ",male,1995-10-11,BIM
"ヨシダ リカ",female,1997-10-16,BIM
"ミヤザワ ヒデキ",male,1995-12-04,BIM
"ハラダ クミコ",female,1996-10-22,BIM
"ムラヤマ リョウスケ",male,2000-07-06,BIM
"イダカ クミコ",female,1995-03-06,BIM
"ヤマグチ オサム",male,2000-04-08,BIM
"ヤマダ アスカ",female,2001-11-15,BIM
"スズキ カオリ",female,1996-03-31,BIM
"オオガキ ジュン",male,1999-06-03,BIM
"マツモト ミカコ",female,2000-08-24,BIM
"キジマ カオリ",female,1994-04-09,BIM
"アオタ ユイ",female,2002-09-11,BIM
"コバヤシ サトミ",female,1993-12-22,BIM
"サトウ ミノル",male,2002-03-04,BIM
"ニシノソノ ヒデキ",male,2000-03-14,BIM
"コイズミ カオリ",female,1985-11-13,BIM
"イトウ アスカ",female,1983-10-18,BIM
"タナベ アケミ",female,1990-01-16,BIM
"ナカツガワ ユミコ",female,1989-04-11,BIM
"アオタ カオリ",female,1988-03-23,BIM
"イシダ カオリ",female,1989-01-11,BIM
"ササキ カオリ",female,1987-04-03,BIM
"ミヤザワ ミキ",female,1984-05-13,BIM
"コイズミ サユリ",female,1987-02-21,BIM
"キリヤマ チヨ",female,1987-11-10,BIM
"スズキ ヒロシ",male,1983-09-21,BIM
"ワカマツ カオリ",female,1976-02-29,BIM
"スギヤマ ケンイチ",male,1980-11-03,BIM
"コイズミ アツシ",male,1977-11-15,BIM
"タカハシ ミカコ",female,1976-03-08,BIM
"アオタ マイ",female,1981-09-18,BIM
"イダカ ミキ",female,1976-05-25,BIM
"マツモト ミツル",male,1979-12-01,BIM
"ナカツガワ トモヤ",male,1981-08-05,BIM
"コバヤシ ユイ",female,1976-09-27,BIM
"ヨシダ アケミ",female,1981-06-30,BIM
"ワカマツ サトミ",female,1978-08-27,BIM
"ナカツガワ ハルカ",female,1977-08-24,BIM
"コンドウ サトミ",female,1980-06-01,BIM
"スズキ マイ",female,1975-12-07,BIM
"アオヤマ アスカ",female,1979-01-30,BIM
"タナカ アケミ",female,1966-05-13,BIM
"キリヤマ ユイ",female,1970-02-06,BIM
"ナカジマ リョウヘイ",male,1968-01-05,BIM
"ワカマツ シュウヘイ",male,1969-03-10,BIM
"ツダ ツバサ",male,1966-09-27,BIM
"キジマ モモコ",female,1967-02-07,BIM
"カノウ ショウタ",male,1967-11-11,BIM
"ナカムラ ユウキ",male,1969-05-12,BIM
"スズキ マアヤ",female,1956-12-10,BIM
"カノウ ユウタ",male,1954-04-04,BIM
"ナカムラ アケミ",female,1960-11-23,BIM
"タナベ ヨウイチ",male,1954-10-07,BIM
"コイズミ アケミ",female,1958-02-05,BIM
"オオガキ ショウタ",male,1956-09-08,BIM
"ミヤケ ナナミ",female,1960-08-05,BIM
"オオガキ レイ",male,1955-09-27,BIM
"オオガキ リカ",female,1958-06-13,BIM
"スズキ オサム",male,1958-08-18,BIM
"クドウ ミカコ",female,1962-03-09,BIM
"コバヤシ ジュン",male,1958-04-22,BIM
"オオガキ チヨ",female,1955-07-25,BIM
"キジマ アスカ",female,1957-01-15,BIM
"ヤマダ アキラ",male,1960-03-23,BIM
"ハマダ モモコ",female,2000-09-29,IT
"ナカツガワ サユリ",female,1997-06-16,IT
"サカモト ミノル",male,1995-07-17,IT
"ワタナベ リョウスケ",male,1998-03-22,IT
"イダカ サトミ",female,1998-08-25,IT
"フジモト ソウタロウ",male,1994-07-11,IT
"コバヤシ カズヤ",male,1995-09-07,IT
"コンドウ ショウタ",male,2000-09-06,IT
"キジマ リカ",female,2000-11-19,IT
"カノウ ヒデキ",male,1998-04-02,IT
"ヤマモト アツシ",male,1999-02-23,IT
"クドウ ハナコ",female,2002-08-27,IT
"スギヤマ ヒロシ",male,2002-06-01,IT
"ヒロカワ ミカコ",female,1996-04-05,IT
"イシダ ジュン",male,2001-10-24,IT
"キムラ タロウ",male,1999-07-28,IT
"イトウ アスカ",female,1993-09-29,IT
"ササキ チヨ",female,1996-06-12,IT
"サトウ クミコ",female,2000-02-16,IT
"サトウ カナ",female,1997-06-28,IT
"カノウ ユミコ",female,1998-01-08,IT
"ウノ タロウ",male,1994-08-15,IT
"ハマダ レイ",male,2000-11-28,IT
"スギヤマ リョウヘイ",male,1997-05-30,IT
"コバヤシ カズヤ",male,1994-09-02,IT
"ヤマギシ オサム",male,1997-11-22,IT
"サイトウ ミツル",male,1988-12-30,IT
"タカハシ ハナコ",female,1989-08-01,IT
"ムラヤマ ヒデキ",male,1989-11-09,IT
"アオヤマ カオリ",female,1990-03-25,IT
"サイトウ ナナミ",female,1991-07-19,IT
"ヨシダ ヒデキ",male,1992-08-12,IT
"イトウ モモコ",female,1987-10-22,IT
"イトウ タイチ",male,1990-06-29,IT
"ヤマグチ シュウヘイ",male,1991-02-15,IT
"ミヤザワ チヨ",female,1986-09-08,IT
"タナカ タクマ",male,1991-10-27,IT
"ササキ ヤスヒロ",male,1977-08-28,IT
"コイズミ ナオト",male,1977-12-25,IT
"カノウ チヨ",female,1978-09-18,IT
"ミヤケ ユミコ",female,1981-12-20,IT
"ワタナベ リョウスケ",male,1977-08-23,IT
"アオタ ヤスヒロ",male,1975-05-20,IT
"ナカジマ チヨ",female,1975-02-08,IT
"ワタナベ ナオコ",female,1981-02-24,IT
"ムラヤマ ヨウイチ",male,1981-10-19,IT
"スズキ モモコ",female,1981-06-24,IT
"ワカマツ タイチ",male,1981-08-11,IT
"タナカ ツバサ",male,1974-01-25,IT
"コバヤシ タロウ",male,1977-07-08,IT
"サトウ アキラ",male,1975-06-14,IT
"クドウ ミカコ",female,1981-01-11,IT
"キジマ ハナコ",female,1982-05-14,IT
"ハマダ ショウタ",male,1966-05-09,IT
"コイズミ ソウタロウ",male,1969-10-24,IT
"ワカマツ ミノル",male,1969-05-24,IT
"ミヤザワ ナオコ",female,1963-12-27,IT
"ワカマツ ツバサ",male,1968-12-30,IT
"ササキ クミコ",female,1966-10-07,IT
"タナカ マイ",female,1971-03-25,IT
"アオヤマ マナブ",male,1966-11-21,IT
"ウノ チヨ",female,1964-06-24,IT
"ナギサ アツシ",male,1967-11-04,IT
"サカモト マイ",female,1967-09-11,IT
"ミヤケ モモコ",female,1970-04-09,IT
"ヒロカワ ユウキ",male,1967-05-19,IT
"イダカ サユリ",female,1965-10-12,IT
"ハマダ オサム",male,1965-02-14,IT
"アオタ ヨウイチ",male,1970-10-17,IT
"コンドウ ユイ",female,1968-02-24,IT
"ハマダ ミカコ",female,1968-08-17,IT
"フジモト アケミ",female,1964-04-12,IT
"イシダ サトミ",female,1971-06-28,IT
"ムラヤマ カズヤ",male,1965-04-04,IT
"ムラヤマ カナ",female,1961-07-06,IT
"ヒロカワ ソウタロウ",male,1955-08-07,IT
"ニシノソノ ナオコ",female,1961-03-29,IT
"スギヤマ ユイ",female,1960-07-30,IT
"ツダ ヨウイチ",male,1955-05-17,IT
"ハラダ ヒデキ",male,1958-11-17,IT
"キジマ マアヤ",female,1960-07-30,IT
"コバヤシ モモコ",female,1959-07-25,IT
"コイズミ ミカコ",female,1953-10-07,IT
"ナギサ マナブ",male,1959-02-09,IT
"アオヤマ ヨウコ",female,1959-08-18,IT
"ハマダ カズヤ",male,1957-12-06,IT
"カノウ ヒロシ",male,1959-05-17,IT
"ワタナベ クミコ",female,1955-03-10,IT
"ミヤケ カナ",female,1956-09-04,IT
"ナギサ ジュン",male,1960-12-13,IT
"ナカジマ モモコ",female,1961-04-21,IT
"ササダ モモコ",female,1961-01-27,IT
"ヤマモト リョウスケ",male,1957-11-27,IT
"カノウ アツシ",male,1957-12-13,IT
"ヤマグチ サトミ",female,1958-06-13,IT
"ムラヤマ ヒロシ",male,1962-07-20,IT
"タナカ モモコ",female,1955-11-08,IT
"ナギサ ヒロシ",male,1962-06-30,IT
"サイトウ マイ",female,1960-05-20,IT
"サカモト ミカコ",female,1961-08-05,IT
"ヨシダ アケミ",female,1960-05-02,IT
"コイズミ ナオコ",female,1959-01-31,IT
"タナカ ミキ",female,1961-10-16,IT
"ナカジマ ヨウコ",female,1960-01-04,IT
"ノムラ アツシ",male,1955-07-19,IT
"ヨシダ ミノル",male,2000-07-26,Design
"エコダ ソウタロウ",male,1996-08-10,Design
"コイズミ タクマ",male,1998-10-25,Design
"ナギサ キョウスケ",male,1996-03-04,Design
"ヤマギシ ナオト",male,1998-06-18,Design
"フジモト アスカ",female,2002-01-11,Design
"クドウ サユリ",female,1986-01-09,Design
"イダカ マアヤ",female,1984-02-22,Design
"カノウ マイ",female,1987-01-17,Design
"オオガキ サトミ",female,1992-02-22,Design
"コンドウ ナオト",male,1988-12-10,Design
"ヤマダ レイ",male,1988-08-17,Design
"キムラ チヨ",female,1986-11-23,Design
"ワカマツ チヨ",female,1985-06-20,Design
"ヤマダ ソウタロウ",male,1990-10-01,Design
"コンドウ ミツル",male,1981-07-24,Design
"ヨシモト ユイ",female,1978-06-03,Design
"ササキ トモヤ",male,1975-07-25,Design
"コイズミ マアヤ",female,1980-06-20,Design
"ナギサ チヨ",female,1980-02-20,Design
"マツモト ミカコ",female,1981-12-04,Design
"マツモト モモコ",female,1977-02-03,Design
"サトウ オサム",male,1981-08-02,Design
"アオタ リカ",female,1974-02-16,Design
"ヒロカワ タロウ",male,1980-07-19,Design
"カノウ アツシ",male,1980-01-10,Design
"コンドウ アツシ",male,1980-02-29,Design
"ウノ ハナコ",female,1969-10-24,Design
"ヒロカワ ミツル",male,1972-01-19,Design
"ワタナベ ミツル",male,1965-06-19,Design
"マツモト マナブ",male,1970-01-23,Design
"ウノ タロウ",male,1963-11-05,Design
"ミヤザワ ユイ",female,1964-12-30,Design
"エコダ ツバサ",male,1971-01-03,Design
"ナカツガワ ナオキ",male,1967-08-21,Design
"アオタ ヨウコ",female,1969-02-14,Design
"ハマダ ヒデキ",male,1964-09-07,Design
"ウノ ユウタ",male,1964-04-06,Design
"サカモト オサム",male,1971-10-22,Design
"コバヤシ ナオコ",female,1969-07-23,Design
"イダカ リョウヘイ",male,1972-05-30,Design
"エコダ ナオコ",female,1970-10-22,Design
"コイズミ リョウスケ",male,1956-05-29,Design
"ツダ カオリ",female,1962-01-23,Design
"ササキ カオリ",female,1958-02-07,Design
"ヨシモト サトミ",female,1958-10-20,Design
"アオタ ナオコ",female,1954-12-03,Design
"サイトウ アケミ",female,1962-07-14,Design
"タナベ ナオト",male,1960-10-29,Design
"イシダ ヨウスケ",male,1960-09-05,Design
"ミヤザワ アスカ",female,1960-05-12,Design
"ツダ ケンイチ",male,1955-06-05,Design
"イトウ クミコ",female,1961-04-10,Design
"ニシノソノ リョウスケ",male,1959-07-10,Design
"コンドウ ナナミ",female,1955-10-25,Design
"サトウ タクマ",male,1954-04-03,Design
"ナカジマ シュウヘイ",male,1959-02-07,Design
"キリヤマ ミカコ",female,1955-06-14,Design
"カノウ キョウスケ",male,1954-08-08,Design
"ナカツガワ ナオト",male,1959-07-12,Design
"スズキ オサム",male,1998-06-14,Management
"イトウ ジュン",male,2001-02-15,Management
"アオヤマ ユミコ",female,1988-08-08,Management
"ヨシダ ミノル",male,1983-12-22,Management
"サトウ カズヤ",male,1984-10-14,Management
"ナカツガワ ミキ",female,1991-08-19,Management
"ナカムラ ナオキ",male,1990-04-01,Management
"ヤマグチ ミカコ",female,1980-04-26,Management
"イシダ リョウスケ",male,1978-12-10,Management
"ミヤケ カオリ",female,1976-12-24,Management
"コイズミ ミカコ",female,1980-06-25,Management
"エコダ チヨ",female,1977-12-04,Management
"タナベ ショウタ",male,1979-07-21,Management
"フジモト タクマ",male,1971-12-20,Management
"ヒロカワ ナオコ",female,1965-04-17,Management
"ミヤケ ヨウイチ",male,1996-03-09,Sale
"ササダ カナ",female,2002-04-03,Sale
"ハラダ ナオコ",female,1997-01-07,Sale
"キムラ サユリ",female,1998-12-13,Sale
"ササダ ユミコ",female,1999-08-17,Sale
"イトウ カナ",female,1995-11-01,Sale
"イダカ レイ",male,1998-03-07,Sale
"アオヤマ アキラ",male,1989-09-26,Sale
"コバヤシ マアヤ",female,1990-07-20,Sale
"ヒロカワ リョウスケ",male,1987-11-19,Sale
"スギヤマ ナオコ",female,1984-03-30,Sale
"ハマダ タロウ",male,1990-05-19,Sale
"ササキ モモコ",female,1988-04-30,Sale
"ツダ ジュン",male,1992-06-29,Sale
"オオガキ アスカ",female,1976-01-24,Sale
"ワタナベ タロウ",male,1975-09-23,Sale
"ナカムラ カオリ",female,1981-06-04,Sale
"クドウ マイ",female,1974-12-26,Sale
"フジモト リョウヘイ",male,1976-05-15,Sale
"タカハシ ツバサ",male,1979-03-29,Sale
"イトウ アキラ",male,1975-12-24,Sale
"ニシノソノ レイ",male,1978-04-13,Sale
"ササキ モモコ",female,1982-07-27,Sale
"ハラダ ミキ",female,1969-11-28,Sale
"タナカ マイ",female,1970-05-06,Sale
"スギヤマ サユリ",female,1967-05-16,Sale
"ノムラ リョウスケ",male,1964-12-08,Sale
"ナカムラ ヨウコ",female,1966-01-03,Sale
"イダカ リョウヘイ",male,1970-02-21,Sale
"イシダ マイ",female,1966-12-08,Sale
"ヨシダ ミツル",male,1969-07-30,Sale
"ツダ カナ",female,1972-04-27,Sale
"カノウ ユイ",female,1964-03-23,Sale
"カノウ オサム",male,1966-10-01,Sale
"ハラダ ハルカ",female,1970-08-26,Sale
"サトウ モモコ",female,1972-06-26,Sale
"サトウ サトミ",female,1968-04-16,Sale
"ハラダ ハナコ",female,1956-10-31,Sale
"フジモト ユウタ",male,1956-09-01,Sale
"ハラダ ミキ",female,1961-09-18,Sale
"ナカムラ リョウスケ",male,1962-09-05,Sale
"ミヤケ タクマ",male,1955-01-17,Sale
"アオタ アスカ",female,1958-11-15,Sale
"ハマダ ミカコ",female,1954-01-14,Sale
"エコダ ナナミ",female,1954-05-10,Sale
