"ミヤザワ モモコ",female,2000-04-29,BIM
"フジモト モモコ",female,1997-07-31,BIM
"タカハシ タイチ",male,2002-04-15,BIM
"ナギサ リカ",female,1994-01-02,BIM
"クドウ リカ",female,1995-02-25,BIM
"アオヤマ チヨ",female,2000-08-03,BIM
"アオヤマ ハナコ",female,2001-01-01,BIM
"イシダ リカ",female,1999-06-06,BIM
"スギヤマ マナブ",male,2002-02-18,BIM
"ヤマギシ ヒロシ",male,1997-03-24,BIM
"ヨシモト カズヤ",male,2001-12-11,BIM
"ミヤケ ヨウイチ",male,1996-09-12,BIM
"タナベ アキラ",male,1996-10-10,BIM
"アオタ ユウタ",male,1998-11-18,BIM
"ウノ タイチ",male,2000-10-25,BIM
"スズキ ヨウスケ",male,1996-02-25,BIM
"ヨシダ ヤスヒロ",male,2002-08-07,BIM
"タカハシ トモヤ",male,2001-05-13,BIM
"ナギサ ミノル",male,2001-09-20,BIM
"ナカムラ ミキ",female,1997-10-01,BIM
"スギヤマ ジュン",male,1996-01-08,BIM
"イシダ ショウタ",male,1996-07-12,BIM
"フジモト アツシ",male,1994-05-15,BIM
"イトウ リョウスケ",male,1996-01-12,BIM
"マツモト ミカコ",female,1996-07-21,BIM
"アオヤマ ミカコ",female,1998-01-09,BIM
"コイズミ ナオコ",female,1988-10-25,BIM
"ヤマグチ ハナコ",female,1986-01-31,BIM
"タナベ チヨ",female,1986-06-06,BIM
"タナカ ツバサ",male,1986-12-14,BIM
"タナベ ショウタ",male,1989-03-23,BIM
"ウノ ヨウイチ",male,1985-05-08,BIM
"ヒロカワ サトミ",female,1986-12-04,BIM
"ウノ モモコ",female,1992-03-27,BIM
"スズキ タロウ",male,1991-07-18,BIM
"サトウ モモコ",female,1992-01-30,BIM
"ノムラ ナナミ",female,1987-05-23,BIM
"タナカ マアヤ",female,1976-09-06,BIM
"ヤマギシ アスカ",female,1980-12-05,BIM
"ハラダ オサム",male,1981-06-16,BIM
"ナカムラ アケミ",female,1979-11-23,BIM
"キジマ タクマ",male,1979-05-23,BIM
"ミヤケ ミカコ",female,1974-03-11,BIM
"ムラヤマ ヨウイチ",male,1977-03-09,BIM
"ツダ カナ",female,1982-01-12,BIM
"ナカジマ ユミコ",female,1979-11-09,BIM
"ナカジマ ヨウスケ",male,1980-06-01,BIM
"ヤマモト モモコ",female,1974-10-17,BIM
"ノムラ カオリ",female,1973-12-10,BIM
"ニシノソノ ナナミ",female,1982-09-05,BIM
"オオガキ リカ",female,1978-09-01,BIM
"ヨシモト アツシ",male,1982-09-11,BIM
"ニシノソノ ミノル",male,1967-09-23,BIM
"アオヤマ ヨウイチ",male,1968-05-02,BIM
"イシダ ユウキ",male,1966-01-23,BIM
"ミヤザワ ヨウイチ",male,1969-03-30,BIM
"カノウ チヨ",female,1966-06-25,BIM
"タナベ ミノル",male,1965-10-27,BIM
"ミヤケ アスカ",female,1972-02-10,BIM
"ミヤザワ ハルカ",female,1969-07-13,BIM
"カノウ キョウスケ",male,1954-11-29,BIM
"サイトウ アケミ",female,1961-04-11,BIM
"コンドウ リョウヘイ",male,1955-08-25,BIM
"ササキ カナ",female,1956-10-15,BIM
"カノウ ナナミ",female,1957-04-25,BIM
"マツモト ケンイチ",male,1956-12-29,BIM
"ハマダ ショウタ",male,1957-02-05,BIM
"ツダ サトミ",female,1961-06-05,BIM
"ナギサ ハナコ",female,1958-03-19,BIM
"ミヤザワ タイチ",male,1958-06-30,BIM
"キリヤマ マナブ",male,1962-02-27,BIM
"ササキ サユリ",female,1955-05-03,BIM
"ヨシダ ナオキ",male,1954-08-03,BIM
"ヤマグチ リョウスケ",male,1956-02-02,BIM
"ササキ ツバサ",male,1958-07-11,BIM
"ワカマツ ショウタ",male,2000-01-24,IT
"カノウ キョウスケ",male,2001-04-07,IT
"ヤマグチ ナオト",male,1998-03-22,IT
"ヨシダ ユミコ",female,2002-06-02,IT
"アオヤマ ユウキ",male,1994-04-21,IT
"エコダ モモコ",female,1996-01-14,IT
"コバヤシ アキラ",male,1996-04-06,IT
"ウノ アツシ",male,2000-05-10,IT
"ムラヤマ カナ",female,2002-06-21,IT
"ヨシダ ヤスヒロ",male,2001-11-07,IT
"キリヤマ アツシ",male,1995-05-13,IT
"オオガキ ナオト",male,1996-01-12,IT
"ハラダ リカ",female,2000-02-09,IT
"イダカ サユリ",female,2000-03-15,IT
"タナカ マナブ",male,2001-03-26,IT
"イトウ アケミ",female,1996-11-07,IT
"ニシノソノ ミキ",female,1998-12-03,IT
"タカハシ トモヤ",male,1994-11-22,IT
"ナカツガワ ツバサ",male,1996-10-09,IT
"ノムラ チヨ",female,1995-09-05,IT
"エコダ モモコ",female,1999-10-27,IT
"ナカジマ キョウスケ",male,1996-09-30,IT
"ヨシモト ナオコ",female,1998-04-08,IT
"ヤマギシ ユイ",female,1994-03-01,IT
"ササキ ヤスヒロ",male,1994-01-29,IT
"クドウ オサム",male,2001-03-24,IT
"キジマ モモコ",female,1992-07-13,IT
"イシダ カオリ",female,1987-01-09,IT
"カノウ ハナコ",female,1991-01-18,IT
"カノウ リカ",female,1992-08-06,IT
"コバヤシ クミコ",female,1992-06-18,IT
"オオガキ ミカコ",female,1987-05-19,IT
"ヨシダ ミキ",female,1991-12-14,IT
"コンドウ ナオコ",female,1989-05-17,IT
"サイトウ マアヤ",female,1985-11-03,IT
"カノウ レイ",male,1984-04-19,IT
"コンドウ カナ",female,1986-12-08,IT
"コイズミ サトミ",female,1974-06-07,IT
"ヤマダ リョウヘイ",male,1979-04-03,IT
"ワカマツ ハナコ",female,1974-03-30,IT
"ワカマツ ユイ",female,1977-11-07,IT
"マツモト ツバサ",male,1980-04-02,IT
"ナカムラ リョウスケ",male,1974-12-06,IT
"コバヤシ ハナコ",female,1976-04-22,IT
"エコダ アキラ",male,1979-01-25,IT
"ノムラ ハナコ",female,1977-12-21,IT
"サイトウ マアヤ",female,1974-06-24,IT
"タカハシ マナブ",male,1982-06-11,IT
"ムラヤマ リカ",female,1978-01-19,IT
"ナカジマ リョウスケ",male,1978-04-30,IT
"ヨシモト ショウタ",male,1979-09-10,IT
"ハラダ タイチ",male,1979-09-05,IT
"ナカムラ カナ",female,1980-11-02,IT
"ナカジマ タイチ",male,1971-11-02,IT
"イトウ マアヤ",female,1970-12-12,IT
"ヤマモト オサム",male,1971-04-30,IT
"キリヤマ レイ",male,1971-03-19,IT
"イシダ ユイ",female,1968-10-31,IT
"アオヤマ タイチ",male,1971-12-11,IT
"スギヤマ ナオト",male,1968-02-04,IT
"ササダ マイ",female,1967-11-28,IT
"ミヤザワ ミキ",female,1971-07-27,IT
"ハラダ ツバサ",male,1964-04-09,IT
"タカハシ ソウタロウ",male,1963-12-18,IT
"キムラ ユウタ",male,1968-01-02,IT
"ムラヤマ リョウヘイ",male,1965-09-08,IT
"アオヤマ アスカ",female,1970-07-26,IT
"キムラ サトミ",female,1967-12-07,IT
"ノムラ ハナコ",female,1967-02-12,IT
"キリヤマ トモヤ",male,1969-04-03,IT
"キリヤマ ハルカ",female,1970-02-20,IT
"フジモト アキラ",male,1964-01-28,IT
"カノウ ヨウコ",female,1964-12-10,IT
"ヨシダ マナブ",male,1971-10-17,IT
"ササキ アツシ",male,1960-04-15,IT
"カノウ リカ",female,1958-10-28,IT
"ハラダ ヤスヒロ",male,1954-06-04,IT
"ハラダ ヒロシ",male,1961-02-17,IT
"ノムラ ユウキ",male,1954-03-17,IT
"コンドウ チヨ",female,1960-06-08,IT
"タナベ リョウスケ",male,1954-09-19,IT
"ナカジマ シュウヘイ",male,1957-02-20,IT
"コンドウ マナブ",male,1956-12-17,IT
"キリヤマ マアヤ",female,1959-05-07,IT
"キリヤマ チヨ",female,1961-05-06,IT
"マツモト サトミ",female,1957-05-08,IT
"エコダ タクマ",male,1957-05-23,IT
"サトウ マアヤ",female,1958-12-17,IT
"アオヤマ リョウスケ",male,1956-04-08,IT
"キムラ ナオト",male,1961-08-16,IT
"ナカムラ ナオキ",male,1955-01-01,IT
"オオガキ ユミコ",female,1961-03-07,IT
"ナカジマ モモコ",female,1959-04-06,IT
"ミヤケ カナ",female,1958-11-10,IT
"イダカ ナオコ",female,1958-10-01,IT
"ニシノソノ ハルカ",female,1958-09-10,IT
"ナカジマ アケミ",female,1962-08-17,IT
"カノウ アスカ",female,1956-12-19,IT
"ササダ サトミ",female,1955-06-12,IT
"ワタナベ ミノル",male,1961-12-05,IT
"フジモト チヨ",female,1954-08-20,IT
"ヤマグチ ヨウコ",female,1955-07-16,IT
"タナベ シュウヘイ",male,1961-12-28,IT
"イトウ ユミコ",female,1957-05-20,IT
"コイズミ ナナミ",female,1958-10-14,IT
"ウノ アキラ",male,2001-01-08,Design
"タカハシ カナ",female,1997-03-01,Design
"ヨシモト ヒロシ",male,1997-11-08,Design
"エコダ ショウタ",male,1996-04-07,Design
"ツダ ジュン",male,1994-06-03,Design
"アオタ ヨウイチ",male,2000-06-30,Design
"ヨシモト ナオコ",female,1984-05-30,Design
"サカモト ヨウコ",female,1984-11-24,Design
"キムラ ミカコ",female,1986-01-27,Design
"ウノ カズヤ",male,1988-03-01,Design
"カノウ ナオキ",male,1990-02-19,Design
"ナカムラ ミカコ",female,1985-11-27,Design
"カノウ ヒデキ",male,1991-12-26,Design
"ウノ マイ",female,1988-01-24,Design
"サイトウ ツバサ",male,1986-12-24,Design
"ハラダ ユイ",female,1974-06-30,Design
"イシダ チヨ",female,1976-08-21,Design
"ヤマモト アケミ",female,1973-11-16,Design
"ヤマダ アキラ",male,1978-02-13,Design
"ナギサ マイ",female,1982-05-17,Design
"タナベ リョウヘイ",male,1980-12-07,Design
"サイトウ マアヤ",female,1976-03-13,Design
"ワカマツ レイ",male,1982-04-24,Design
"スズキ クミコ",female,1977-04-19,Design
"ナカジマ カオリ",female,1980-09-09,Design
"マツモト マイ",female,1977-04-13,Design
"サカモト リカ",female,1976-01-19,Design
"ヨシモト ユイ",female,1972-08-10,Design
"コンドウ タイチ",male,1966-10-07,Design
"ノムラ アケミ",female,1970-09-28,Design
"ミヤザワ ヨウコ",female,1967-08-03,Design
"マツモト マイ",female,1965-10-04,Design
"ミヤケ カナ",female,1971-11-18,Design
"ヤマグチ タイチ",male,1966-07-12,Design
"ナカムラ ジュン",male,1967-05-17,Design
"タナベ サトミ",female,1964-10-11,Design
"ウノ ミカコ",female,1969-10-31,Design
"ナカジマ アキラ",male,1969-06-21,Design
"キジマ ヨウスケ",male,1967-04-16,Design
"イトウ ミカコ",female,1968-08-01,Design
"タカハシ ヨウスケ",male,1966-11-13,Design
"ヤマギシ ユイ",female,1968-04-07,Design
"オオガキ ヤスヒロ",male,1959-03-04,Design
"キムラ ユウキ",male,1956-05-30,Design
"ナギサ シュウヘイ",male,1956-06-07,Design
"スズキ ユミコ",female,1959-08-15,Design
"オオガキ シュウヘイ",male,1955-08-19,Design
"ヒロカワ ヒロシ",male,1956-07-26,Design
"ササダ タイチ",male,1955-09-11,Design
"エコダ リョウスケ",male,1960-09-01,Design
"スギヤマ タイチ",male,1962-04-13,Design
"コンドウ ナナミ",female,1956-10-30,Design
"タカハシ ハナコ",female,1958-12-07,Design
"ノムラ ツバサ",male,1959-10-31,Design
"ハラダ チヨ",female,1954-02-21,Design
"ノムラ モモコ",female,1955-08-09,Design
"ササダ サユリ",female,1955-01-27,Design
"サカモト マイ",female,1954-05-12,Design
"ミヤザワ リカ",female,1957-07-11,Design
"キジマ ハルカ",female,1956-11-28,Design
"ヒロカワ チヨ",female,2001-05-14,Management
"フジモト マイ",female,2001-03-04,Management
"ノムラ ソウタロウ",male,1987-08-31,Management
"ナカツガワ アキラ",male,1990-03-28,Management
"ウノ キョウスケ",male,1987-12-18,Management
"クドウ アキラ",male,1983-11-27,Management
"キジマ ヨウイチ",male,1990-08-18,Management
"キジマ ユウキ",male,1980-05-24,Management
"フジモト ミツル",male,1979-12-13,Management
"コイズミ ハナコ",female,1979-11-19,Management
"キジマ カナ",female,1974-07-03,Management
"ハラダ オサム",male,1981-08-23,Management
"ツダ タクマ",male,1975-10-18,Management
"サイトウ カオリ",female,1964-11-03,Management
"キリヤマ ヨウイチ",male,1968-03-04,Management
"アオタ アケミ",female,1998-04-03,Sale
"ミヤザワ アスカ",female,1996-03-08,Sale
"ササダ レイ",male,1997-06-04,Sale
"ニシノソノ タイチ",male,1996-06-23,Sale
"カノウ ユイ",female,2000-05-25,Sale
"エコダ アスカ",female,1997-06-13,Sale
"タナベ トモヤ",male,1997-07-17,Sale
"スギヤマ ハルカ",female,1986-11-19,Sale
"イトウ サトミ",female,1992-01-25,Sale
"イシダ タクマ",male,1988-10-20,Sale
"ヤマモト クミコ",female,1992-04-01,Sale
"ノムラ ユイ",female,1986-05-20,Sale
"オオガキ ヨウイチ",male,1988-05-27,Sale
"ナカツガワ ソウタロウ",male,1986-07-17,Sale
"キジマ ナオコ",female,1976-06-15,Sale
"イダカ ケンイチ",male,1978-06-29,Sale
"ニシノソノ マナブ",male,1975-03-11,Sale
"ツダ ヤスヒロ",male,1977-06-23,Sale
"エコダ ミキ",female,1976-04-15,Sale
"ムラヤマ モモコ",female,1974-06-27,Sale
"ササキ クミコ",female,1980-05-30,Sale
"オオガキ ユイ",female,1979-01-27,Sale
"ミヤケ マイ",female,1977-09-21,Sale
"クドウ リョウヘイ",male,1966-03-18,Sale
"コンドウ カナ",female,1967-07-29,Sale
"アオタ ハナコ",female,1972-08-09,Sale
"ヒロカワ ミキ",female,1970-01-15,Sale
"サカモト ミカコ",female,1968-11-13,Sale
"コイズミ ヨウスケ",male,1968-03-28,Sale
"タカハシ カズヤ",male,1965-05-30,Sale
"アオタ ケンイチ",male,1968-04-04,Sale
"スギヤマ リカ",female,1971-08-06,Sale
"キジマ ユミコ",female,1970-01-02,Sale
"ツダ マナブ",male,1967-04-29,Sale
"ササダ ナオコ",female,1972-07-12,Sale
"イダカ タイチ",male,1964-02-08,Sale
"ナカツガワ ヨウスケ",male,1967-06-17,Sale
"スズキ アスカ",female,1962-07-03,Sale
"キジマ タクマ",male,1956-10-09,Sale
"ナカムラ ショウタ",male,1958-02-27,Sale
"スズキ オサム",male,1954-02-03,Sale
"ヨシダ クミコ",female,1961-10-10,Sale
"サトウ リカ",female,1960-02-14,Sale
"ナカツガワ キョウスケ",male,1955-05-11,Sale
"サカモト ハナコ",female,1962-01-08,Sale
