Name,Gender,Age,Department,"Job Title"
"大垣 篤司",male,48,営業,部長
"廣川 京助",male,53,営業,課長
"高橋 直子",female,41,営業,係長
"吉本 裕太",male,47,営業,係長
"廣川 あすか",female,62,営業,主任
"渚 陽一",male,50,営業,主任
"石田 修平",male,52,営業,主任
"工藤 香織",female,66,営業,主任
"斉藤 舞",female,47,営業,主任
"松本 くみ子",female,40,営業,社員
"渚 太一",male,52,営業,社員
"藤本 真綾",female,37,営業,社員
"山岸 稔",male,41,営業,社員
"津田 香織",female,46,営業,社員
"木村 学",male,25,営業,社員
"宮沢 浩",male,51,営業,社員
"青田 健一",male,46,営業,社員
"鈴木 裕美子",female,47,営業,社員
"大垣 さゆり",female,47,営業,社員
"村山 さゆり",female,53,営業,社員
"工藤 陽一",male,23,営業,社員
"吉田 くみ子",female,48,営業,社員
"山口 拓真",male,47,営業,社員
"廣川 浩",male,68,営業,社員
"宮沢 充",male,42,営業,社員
"加藤 直樹",male,37,営業,社員
"吉田 和也",male,65,営業,社員
"吉田 翼",male,41,営業,社員
"青田 春香",female,33,営業,社員
"加藤 美加子",female,65,営業,社員
"加藤 真綾",female,66,営業,社員
"佐藤 翔太",male,69,営業,社員
"吉本 直子",female,24,営業,社員
"桐山 直人",male,42,営業,社員
"木村 明美",female,49,営業,社員
"坂本 美加子",female,52,営業,社員
"鈴木 あすか",female,24,営業,社員
"渚 舞",female,46,営業,社員
"山田 春香",female,52,営業,社員
"西之園 千代",female,67,営業,社員
"山岸 千代",female,58,営業,社員
"浜田 聡太郎",male,43,営業,社員
"喜嶋 涼平",male,53,営業,社員
"伊藤 亮介",male,60,営業,社員
"伊藤 春香",female,54,営業,社員
"加藤 稔",male,54,営業,社員
"青山 里佳",female,48,営業,社員
"松本 充",male,28,営業,社員
"杉山 健一",male,69,営業,社員
"山田 翔太",male,28,営業,社員
"佐藤 あすか",female,29,営業,社員
"藤本 明美",female,41,営業,社員
"桐山 さゆり",female,57,営業,社員
"木村 里佳",female,60,営業,社員
"工藤 京助",male,55,営業,社員
"佐々木 亮介",male,46,営業,社員
"山口 充",male,23,営業,社員
"中村 あすか",female,41,営業,社員
"山田 篤司",male,53,営業,社員
"廣川 聡太郎",male,56,営業,社員
"宮沢 裕太",male,28,営業,社員
"近藤 太郎",male,28,営業,社員
"小泉 健一",male,49,営業,社員
"村山 智也",male,47,営業,社員
"鈴木 亮介",male,48,営業,社員
"宇野 加奈",female,41,営業,社員
"江古田 加奈",female,54,営業,社員
"三宅 智也",male,60,営業,社員
"原田 里佳",female,45,営業,社員
"青田 亮介",male,43,営業,社員
"宮沢 千代",female,41,営業,社員
"桐山 晃",male,58,営業,社員
"中津川 知実",female,36,営業,社員
"喜嶋 亮介",male,41,営業,社員
"山岸 修平",male,61,営業,社員
"田中 和也",male,58,営業,社員
"松本 香織",female,57,営業,社員
"井上 くみ子",female,30,営業,社員
"木村 晃",male,34,営業,社員
"山本 太郎",male,43,営業,社員
"高橋 智也",male,65,営業,社員
"吉本 淳",male,47,営業,社員
"西之園 結衣",female,69,営業,社員
"浜田 淳",male,44,営業,社員
"吉本 太郎",male,51,営業,社員
"中津川 康弘",male,32,営業,社員
"原田 直樹",male,49,営業,社員
"山本 花子",female,67,営業,社員
"三宅 結衣",female,63,営業,社員
"坂本 稔",male,22,営業,社員
"若松 太一",male,50,管理,部長
"江古田 加奈",female,47,管理,課長
"大垣 洋介",male,41,管理,課長
"桐山 涼平",male,48,管理,係長
"笹田 零",male,23,管理,係長
"坂本 舞",female,61,管理,係長
"山岸 香織",female,29,管理,主任
"近藤 零",male,56,管理,主任
"佐藤 さゆり",female,52,管理,主任
"山田 晃",male,51,管理,主任
"加納 直子",female,20,管理,主任
"江古田 香織",female,53,管理,社員
"三宅 裕樹",male,69,管理,社員
"笹田 翼",male,64,管理,社員
"加藤 直樹",male,57,管理,社員
"田中 拓真",male,58,管理,社員
"田中 学",male,65,管理,社員
"廣川 直人",male,43,管理,社員
"中島 翔太",male,39,管理,社員
"加納 直樹",male,46,管理,社員
"青山 洋介",male,50,管理,社員
"井上 知実",female,44,管理,社員
"小泉 裕太",male,64,管理,社員
"大垣 直子",female,54,管理,社員
"加納 明美",female,43,管理,社員
"渚 拓真",male,59,管理,社員
"喜嶋 和也",male,39,管理,社員
"喜嶋 洋介",male,60,管理,社員
"佐藤 英樹",male,51,管理,社員
"若松 真綾",female,58,管理,社員
"鈴木 花子",female,44,開発,部長
"宇野 陽子",female,62,開発,課長
"若松 直樹",male,66,開発,係長
"加納 明美",female,67,開発,係長
"加納 浩",male,69,開発,主任
"宇野 裕太",male,35,開発,主任
"松本 篤司",male,65,開発,主任
"村山 香織",female,38,開発,主任
"渡辺 あすか",female,45,開発,主任
"原田 里佳",female,43,開発,社員
"若松 春香",female,40,開発,社員
"石田 直人",male,55,開発,社員
"田中 明美",female,58,開発,社員
"石田 あすか",female,25,開発,社員
"山岸 直子",female,50,開発,社員
"藤本 洋介",male,59,建設,部長
"中津川 幹",female,64,建設,課長
"津田 治",male,44,建設,課長
"田辺 加奈",female,62,建設,係長
"加藤 香織",female,36,建設,係長
"渚 結衣",female,58,建設,係長
"石田 篤司",male,55,建設,係長
"桐山 花子",female,41,建設,係長
"佐藤 裕樹",male,52,建設,主任
"野村 くみ子",female,47,建設,主任
"藤本 稔",male,55,建設,主任
"坂本 桃子",female,56,建設,主任
"工藤 幹",female,37,建設,主任
"青山 舞",female,41,建設,社員
"渚 直子",female,38,建設,社員
"村山 加奈",female,41,建設,社員
"吉本 あすか",female,42,建設,社員
"松本 拓真",male,44,建設,社員
"廣川 舞",female,48,建設,社員
"若松 舞",female,48,建設,社員
"中島 裕太",male,48,建設,社員
"西之園 智也",male,40,建設,社員
"井上 浩",male,66,建設,社員
"斉藤 洋介",male,39,建設,社員
"村山 美加子",female,54,建設,社員
"伊藤 洋介",male,26,建設,社員
"石田 学",male,43,建設,社員
"吉本 桃子",female,31,建設,社員
"藤本 里佳",female,42,建設,社員
"吉本 篤司",male,33,建設,社員
"野村 零",male,52,建設,社員
"渚 美加子",female,41,建設,社員
"坂本 直人",male,42,建設,社員
"松本 知実",female,29,建設,社員
"中村 直子",female,27,建設,社員
"佐藤 七夏",female,51,建設,社員
"吉本 知実",female,25,建設,社員
"青山 花子",female,60,建設,社員
"吉本 加奈",female,50,建設,社員
"津田 亮介",male,58,建設,社員
"加納 明美",female,51,建設,社員
"浜田 和也",male,52,建設,社員
"三宅 里佳",female,37,建設,社員
"田中 さゆり",female,51,建設,社員
"喜嶋 花子",female,59,建設,社員
"山岸 あすか",female,30,建設,社員
"田辺 桃子",female,52,建設,社員
"藤本 陽子",female,63,建設,社員
"藤本 康弘",male,54,建設,社員
"佐藤 英樹",male,53,建設,社員
"廣川 明美",female,24,建設,社員
"井高 香織",female,44,建設,社員
"小林 翼",male,50,建設,社員
"原田 稔",male,42,建設,社員
"山岸 淳",male,49,建設,社員
"坂本 春香",female,43,建設,社員
"田辺 くみ子",female,54,建設,社員
"小林 あすか",female,61,建設,社員
"石田 千代",female,59,建設,社員
"村山 浩",male,54,建設,社員
"笹田 太郎",male,42,建設,社員
"喜嶋 結衣",female,59,建設,社員
"坂本 千代",female,41,建設,社員
"近藤 淳",male,41,建設,社員
"木村 くみ子",female,22,建設,社員
"斉藤 陽子",female,65,建設,社員
"江古田 さゆり",female,62,建設,社員
"渚 充",male,65,建設,社員
"伊藤 桃子",female,41,建設,社員
"渚 和也",male,60,建設,社員
"松本 洋介",male,41,建設,社員
"大垣 陽一",male,58,建設,社員
"喜嶋 里佳",female,56,建設,社員
"中島 幹",female,69,建設,社員
"青山 翔太",male,43,建設,社員
"加藤 充",male,33,建設,社員
"中村 亮介",male,27,建設,社員
"山本 裕太",male,34,建設,社員
"木村 香織",female,65,建設,社員
"宮沢 治",male,41,建設,社員
"津田 学",male,46,建設,社員
"津田 陽一",male,39,建設,社員
"山本 翼",male,54,建設,社員
"吉本 篤司",male,55,建設,社員
"中村 健一",male,29,建設,社員
"西之園 知実",female,64,建設,社員
"工藤 真綾",female,52,建設,社員
"井上 真綾",female,47,建設,社員
"佐藤 美加子",female,53,建設,社員
"田辺 健一",male,31,建設,社員
"中島 修平",male,35,設計,部長
"山口 裕太",male,23,設計,課長
"浜田 加奈",female,51,設計,係長
"加納 篤司",male,40,設計,係長
"中島 幹",female,39,設計,主任
"坂本 零",male,52,設計,主任
"江古田 直樹",male,40,設計,主任
"中島 あすか",female,65,設計,主任
"杉山 明美",female,41,設計,主任
"笹田 洋介",male,50,設計,社員
"渚 治",male,53,設計,社員
"山口 淳",male,47,設計,社員
"杉山 淳",male,45,設計,社員
"小泉 美加子",female,55,設計,社員
"桐山 洋介",male,60,設計,社員
"斉藤 里佳",female,67,設計,社員
"井高 稔",male,24,設計,社員
"浜田 晃",male,51,設計,社員
"斉藤 英樹",male,58,設計,社員
"野村 里佳",female,67,設計,社員
"中村 裕美子",female,45,設計,社員
"青山 結衣",female,67,設計,社員
"高橋 直樹",male,66,設計,社員
"木村 直人",male,56,設計,社員
"原田 加奈",female,59,設計,社員
"吉本 知実",female,54,設計,社員
"高橋 幹",female,47,設計,社員
"西之園 桃子",female,63,設計,社員
"三宅 修平",male,64,設計,社員
"佐藤 里佳",female,59,設計,社員
"伊藤 康弘",male,57,設計,社員
"坂本 太郎",male,69,設計,社員
"杉山 さゆり",female,56,設計,社員
"江古田 七夏",female,52,設計,社員
"大垣 七夏",female,52,設計,社員
"中島 里佳",female,33,設計,社員
"田辺 涼平",male,35,設計,社員
"山田 春香",female,53,設計,社員
"鈴木 七夏",female,52,設計,社員
"佐藤 裕太",male,34,設計,社員
"若松 里佳",female,22,設計,社員
"宮沢 真綾",female,53,設計,社員
"青田 明美",female,21,設計,社員
"青山 千代",female,61,設計,社員
"桐山 智也",male,67,設計,社員
"宮沢 翼",male,48,設計,社員
"吉田 花子",female,58,設計,社員
"宇野 修平",male,54,設計,社員
"吉田 幹",female,69,設計,社員
"田中 和也",male,27,設計,社員
"江古田 桃子",female,42,設計,社員
"小泉 浩",male,34,設計,社員
"野村 くみ子",female,59,設計,社員
"木村 聡太郎",male,55,設計,社員
"吉本 浩",male,48,設計,社員
"中島 涼平",male,52,設計,社員
"杉山 知実",female,29,設計,社員
"中村 英樹",male,54,設計,社員
"青山 裕美子",female,65,設計,社員
"大垣 拓真",male,23,設計,社員
"松本 直子",female,65,設計,社員
"村山 和也",male,46,設計,社員
"三宅 太郎",male,62,設計,社員
"宇野 亮介",male,40,設計,社員
"宇野 陽一",male,47,設計,社員
"小泉 美加子",female,52,設計,社員
"佐藤 稔",male,42,設計,社員
"津田 七夏",female,60,設計,社員
"田中 香織",female,41,設計,社員
"山本 千代",female,47,設計,社員
"宇野 春香",female,60,設計,社員
"津田 修平",male,46,設計,社員
"坂本 千代",female,64,設計,社員
"高橋 学",male,69,設計,社員
"原田 舞",female,38,設計,社員
